{
    "configuration": {
        "restrict_department": true
    },
    "electives": [
        {
            "subject": "environmental science",
            "max_students": 50,
            "min_students": 2,
            "mode": "online"
        },
        {
            "subject": "modern literature",
            "max_students": 50,
            "min_students": 2,
            "mode": "in-person"
        },
        {
            "subject": "quantum physics",
            "max_students": 50,
            "min_students": 2,
            "mode": "online"
        },
        {
            "subject": "robotics",
            "max_students": 50,
            "min_students": 2,
            "mode": "in-person"
        },
        {
            "subject": "creative writing",
            "max_students": 50,
            "min_students": 2,
            "mode": "online"
        },
        {
            "subject": "biochemistry",
            "max_students": 50,
            "min_students": 2,
            "mode": "in-person"
        },
        {
            "subject": "philosophy",
            "max_students": 50,
            "min_students": 2,
            "mode": "online"
        },
        {
            "subject": "art history",
            "max_students": 50,
            "min_students": 2,
            "mode": "in-person"
        },
        {
            "subject": "mechanical engineering",
            "max_students": 50,
            "min_students": 2,
            "mode": "online"
        },
        {
            "subject": "data science",
            "max_students": 50,
            "min_students": 2,
            "mode": "in-person"
        }
    ],
    "departments": {
        "science": {
            "electives_min": 1,
            "electives_max": 10
        },
        "literature": {
            "electives_min": 1,
            "electives_max": 10
        },
        "engineering": {
            "electives_min": 1,
            "electives_max": 10
        },
        "arts": {
            "electives_min": 1,
            "electives_max": 10
        }
    },
    "students": [
        {
            "name": "Mr. Geoffrey Hegmann",
            "department": "literature",
            "electives": [
                {
                    "subject": "biochemistry",
                    "priority": 1
                },
                {
                    "subject": "modern literature",
                    "priority": 2
                },
                {
                    "subject": "mechanical engineering",
                    "priority": 3
                },
                {
                    "subject": "robotics",
                    "priority": 4
                },
                {
                    "subject": "philosophy",
                    "priority": 5
                }
            ]
        },
        {
            "name": "Mr. Albert Kuhic",
            "department": "arts",
            "electives": [
                {
                    "subject": "data science",
                    "priority": 1
                },
                {
                    "subject": "environmental science",
                    "priority": 2
                },
                {
                    "subject": "philosophy",
                    "priority": 3
                },
                {
                    "subject": "robotics",
                    "priority": 4
                }
            ]
        },
        {
            "name": "Tricia Prohaska",
            "department": "science",
            "electives": [
                {
                    "subject": "modern literature",
                    "priority": 1
                },
                {
                    "subject": "creative writing",
                    "priority": 2
                },
                {
                    "subject": "mechanical engineering",
                    "priority": 3
                },
                {
                    "subject": "quantum physics",
                    "priority": 4
                },
                {
                    "subject": "robotics",
                    "priority": 5
                },
                {
                    "subject": "environmental science",
                    "priority": 6
                }
            ]
        },
        {
            "name": "Harry Bins-O'Kon",
            "department": "engineering",
            "electives": [
                {
                    "subject": "robotics",
                    "priority": 1
                },
                {
                    "subject": "quantum physics",
                    "priority": 2
                },
                {
                    "subject": "modern literature",
                    "priority": 3
                },
                {
                    "subject": "data science",
                    "priority": 4
                },
                {
                    "subject": "art history",
                    "priority": 5
                },
                {
                    "subject": "mechanical engineering",
                    "priority": 6
                },
                {
                    "subject": "biochemistry",
                    "priority": 7
                },
                {
                    "subject": "creative writing",
                    "priority": 8
                },
                {
                    "subject": "philosophy",
                    "priority": 9
                }
            ]
        },
        {
            "name": "Sherry Haley",
            "department": "engineering",
            "electives": [
                {
                    "subject": "quantum physics",
                    "priority": 1
                },
                {
                    "subject": "robotics",
                    "priority": 2
                },
                {
                    "subject": "creative writing",
                    "priority": 3
                },
                {
                    "subject": "environmental science",
                    "priority": 4
                },
                {
                    "subject": "mechanical engineering",
                    "priority": 5
                },
                {
                    "subject": "philosophy",
                    "priority": 6
                }
            ]
        },
        {
            "name": "Merle Bashirian",
            "department": "arts",
            "electives": [
                {
                    "subject": "art history",
                    "priority": 1
                },
                {
                    "subject": "quantum physics",
                    "priority": 2
                },
                {
                    "subject": "robotics",
                    "priority": 3
                },
                {
                    "subject": "environmental science",
                    "priority": 4
                },
                {
                    "subject": "data science",
                    "priority": 5
                },
                {
                    "subject": "modern literature",
                    "priority": 6
                },
                {
                    "subject": "philosophy",
                    "priority": 7
                },
                {
                    "subject": "creative writing",
                    "priority": 8
                },
                {
                    "subject": "biochemistry",
                    "priority": 9
                }
            ]
        },
        {
            "name": "Lucille McLaughlin DVM",
            "department": "engineering",
            "electives": [
                {
                    "subject": "quantum physics",
                    "priority": 1
                },
                {
                    "subject": "data science",
                    "priority": 2
                },
                {
                    "subject": "creative writing",
                    "priority": 3
                }
            ]
        },
        {
            "name": "Sidney Rogahn",
            "department": "arts",
            "electives": [
                {
                    "subject": "biochemistry",
                    "priority": 1
                },
                {
                    "subject": "creative writing",
                    "priority": 2
                },
                {
                    "subject": "data science",
                    "priority": 3
                },
                {
                    "subject": "environmental science",
                    "priority": 4
                },
                {
                    "subject": "art history",
                    "priority": 5
                },
                {
                    "subject": "quantum physics",
                    "priority": 6
                }
            ]
        },
        {
            "name": "Vanessa Baumbach",
            "department": "literature",
            "electives": [
                {
                    "subject": "biochemistry",
                    "priority": 1
                },
                {
                    "subject": "art history",
                    "priority": 2
                },
                {
                    "subject": "quantum physics",
                    "priority": 3
                },
                {
                    "subject": "environmental science",
                    "priority": 4
                },
                {
                    "subject": "mechanical engineering",
                    "priority": 5
                },
                {
                    "subject": "robotics",
                    "priority": 6
                },
                {
                    "subject": "data science",
                    "priority": 7
                },
                {
                    "subject": "modern literature",
                    "priority": 8
                }
            ]
        },
        {
            "name": "Alberta Predovic PhD",
            "department": "arts",
            "electives": [
                {
                    "subject": "modern literature",
                    "priority": 1
                },
                {
                    "subject": "biochemistry",
                    "priority": 2
                },
                {
                    "subject": "robotics",
                    "priority": 3
                },
                {
                    "subject": "creative writing",
                    "priority": 4
                },
                {
                    "subject": "quantum physics",
                    "priority": 5
                }
            ]
        },
        {
            "name": "Clint Ullrich",
            "department": "arts",
            "electives": [
                {
                    "subject": "quantum physics",
                    "priority": 1
                },
                {
                    "subject": "robotics",
                    "priority": 2
                },
                {
                    "subject": "art history",
                    "priority": 3
                }
            ]
        },
        {
            "name": "Lora Braun",
            "department": "engineering",
            "electives": [
                {
                    "subject": "modern literature",
                    "priority": 1
                },
                {
                    "subject": "data science",
                    "priority": 2
                },
                {
                    "subject": "environmental science",
                    "priority": 3
                },
                {
                    "subject": "quantum physics",
                    "priority": 4
                },
                {
                    "subject": "art history",
                    "priority": 5
                },
                {
                    "subject": "creative writing",
                    "priority": 6
                }
            ]
        },
        {
            "name": "Bethany Kessler-Abshire",
            "department": "engineering",
            "electives": [
                {
                    "subject": "modern literature",
                    "priority": 1
                },
                {
                    "subject": "art history",
                    "priority": 2
                },
                {
                    "subject": "data science",
                    "priority": 3
                },
                {
                    "subject": "philosophy",
                    "priority": 4
                },
                {
                    "subject": "quantum physics",
                    "priority": 5
                },
                {
                    "subject": "biochemistry",
                    "priority": 6
                },
                {
                    "subject": "creative writing",
                    "priority": 7
                }
            ]
        },
        {
            "name": "Monique Grimes",
            "department": "science",
            "electives": [
                {
                    "subject": "art history",
                    "priority": 1
                },
                {
                    "subject": "mechanical engineering",
                    "priority": 2
                },
                {
                    "subject": "creative writing",
                    "priority": 3
                },
                {
                    "subject": "environmental science",
                    "priority": 4
                },
                {
                    "subject": "data science",
                    "priority": 5
                },
                {
                    "subject": "modern literature",
                    "priority": 6
                },
                {
                    "subject": "philosophy",
                    "priority": 7
                },
                {
                    "subject": "robotics",
                    "priority": 8
                },
                {
                    "subject": "quantum physics",
                    "priority": 9
                }
            ]
        },
        {
            "name": "Michele Kirlin",
            "department": "literature",
            "electives": [
                {
                    "subject": "environmental science",
                    "priority": 1
                },
                {
                    "subject": "philosophy",
                    "priority": 2
                }
            ]
        },
        {
            "name": "Dr. Grady Becker",
            "department": "literature",
            "electives": [
                {
                    "subject": "environmental science",
                    "priority": 1
                },
                {
                    "subject": "philosophy",
                    "priority": 2
                },
                {
                    "subject": "art history",
                    "priority": 3
                },
                {
                    "subject": "creative writing",
                    "priority": 4
                },
                {
                    "subject": "modern literature",
                    "priority": 5
                },
                {
                    "subject": "robotics",
                    "priority": 6
                },
                {
                    "subject": "mechanical engineering",
                    "priority": 7
                }
            ]
        },
        {
            "name": "Roosevelt Hansen",
            "department": "engineering",
            "electives": [
                {
                    "subject": "data science",
                    "priority": 1
                },
                {
                    "subject": "quantum physics",
                    "priority": 2
                },
                {
                    "subject": "environmental science",
                    "priority": 3
                },
                {
                    "subject": "modern literature",
                    "priority": 4
                },
                {
                    "subject": "creative writing",
                    "priority": 5
                },
                {
                    "subject": "robotics",
                    "priority": 6
                },
                {
                    "subject": "mechanical engineering",
                    "priority": 7
                },
                {
                    "subject": "art history",
                    "priority": 8
                },
                {
                    "subject": "philosophy",
                    "priority": 9
                }
            ]
        },
        {
            "name": "Everett Stanton DDS",
            "department": "literature",
            "electives": [
                {
                    "subject": "environmental science",
                    "priority": 1
                },
                {
                    "subject": "art history",
                    "priority": 2
                },
                {
                    "subject": "data science",
                    "priority": 3
                },
                {
                    "subject": "creative writing",
                    "priority": 4
                },
                {
                    "subject": "quantum physics",
                    "priority": 5
                },
                {
                    "subject": "mechanical engineering",
                    "priority": 6
                },
                {
                    "subject": "biochemistry",
                    "priority": 7
                }
            ]
        },
        {
            "name": "Doreen Spinka",
            "department": "science",
            "electives": [
                {
                    "subject": "data science",
                    "priority": 1
                }
            ]
        },
        {
            "name": "Ms. Kelli Moen",
            "department": "science",
            "electives": [
                {
                    "subject": "creative writing",
                    "priority": 1
                },
                {
                    "subject": "modern literature",
                    "priority": 2
                },
                {
                    "subject": "robotics",
                    "priority": 3
                },
                {
                    "subject": "environmental science",
                    "priority": 4
                }
            ]
        },
        {
            "name": "Dr. Gertrude O'Hara",
            "department": "engineering",
            "electives": [
                {
                    "subject": "quantum physics",
                    "priority": 1
                },
                {
                    "subject": "mechanical engineering",
                    "priority": 2
                },
                {
                    "subject": "environmental science",
                    "priority": 3
                },
                {
                    "subject": "robotics",
                    "priority": 4
                }
            ]
        },
        {
            "name": "Carol Orn",
            "department": "literature",
            "electives": [
                {
                    "subject": "data science",
                    "priority": 1
                },
                {
                    "subject": "mechanical engineering",
                    "priority": 2
                },
                {
                    "subject": "quantum physics",
                    "priority": 3
                },
                {
                    "subject": "environmental science",
                    "priority": 4
                },
                {
                    "subject": "art history",
                    "priority": 5
                }
            ]
        },
        {
            "name": "Audrey Shanahan",
            "department": "literature",
            "electives": [
                {
                    "subject": "creative writing",
                    "priority": 1
                },
                {
                    "subject": "art history",
                    "priority": 2
                },
                {
                    "subject": "biochemistry",
                    "priority": 3
                },
                {
                    "subject": "mechanical engineering",
                    "priority": 4
                }
            ]
        },
        {
            "name": "Dr. Eduardo Runolfsson-Littel",
            "department": "engineering",
            "electives": [
                {
                    "subject": "mechanical engineering",
                    "priority": 1
                },
                {
                    "subject": "biochemistry",
                    "priority": 2
                },
                {
                    "subject": "creative writing",
                    "priority": 3
                },
                {
                    "subject": "quantum physics",
                    "priority": 4
                },
                {
                    "subject": "data science",
                    "priority": 5
                },
                {
                    "subject": "art history",
                    "priority": 6
                }
            ]
        },
        {
            "name": "Natalie Sauer",
            "department": "engineering",
            "electives": [
                {
                    "subject": "philosophy",
                    "priority": 1
                },
                {
                    "subject": "mechanical engineering",
                    "priority": 2
                },
                {
                    "subject": "quantum physics",
                    "priority": 3
                },
                {
                    "subject": "modern literature",
                    "priority": 4
                },
                {
                    "subject": "creative writing",
                    "priority": 5
                },
                {
                    "subject": "environmental science",
                    "priority": 6
                },
                {
                    "subject": "data science",
                    "priority": 7
                },
                {
                    "subject": "art history",
                    "priority": 8
                },
                {
                    "subject": "robotics",
                    "priority": 9
                },
                {
                    "subject": "biochemistry",
                    "priority": 10
                }
            ]
        },
        {
            "name": "Myrtle Hackett",
            "department": "science",
            "electives": [
                {
                    "subject": "mechanical engineering",
                    "priority": 1
                },
                {
                    "subject": "environmental science",
                    "priority": 2
                },
                {
                    "subject": "biochemistry",
                    "priority": 3
                },
                {
                    "subject": "art history",
                    "priority": 4
                },
                {
                    "subject": "quantum physics",
                    "priority": 5
                },
                {
                    "subject": "philosophy",
                    "priority": 6
                },
                {
                    "subject": "data science",
                    "priority": 7
                },
                {
                    "subject": "modern literature",
                    "priority": 8
                },
                {
                    "subject": "creative writing",
                    "priority": 9
                }
            ]
        },
        {
            "name": "Peggy Graham",
            "department": "science",
            "electives": [
                {
                    "subject": "quantum physics",
                    "priority": 1
                }
            ]
        },
        {
            "name": "Mable Kris",
            "department": "arts",
            "electives": [
                {
                    "subject": "modern literature",
                    "priority": 1
                },
                {
                    "subject": "data science",
                    "priority": 2
                },
                {
                    "subject": "art history",
                    "priority": 3
                },
                {
                    "subject": "philosophy",
                    "priority": 4
                },
                {
                    "subject": "environmental science",
                    "priority": 5
                }
            ]
        },
        {
            "name": "Patti Borer",
            "department": "literature",
            "electives": [
                {
                    "subject": "modern literature",
                    "priority": 1
                },
                {
                    "subject": "data science",
                    "priority": 2
                },
                {
                    "subject": "art history",
                    "priority": 3
                },
                {
                    "subject": "quantum physics",
                    "priority": 4
                },
                {
                    "subject": "environmental science",
                    "priority": 5
                },
                {
                    "subject": "creative writing",
                    "priority": 6
                },
                {
                    "subject": "mechanical engineering",
                    "priority": 7
                },
                {
                    "subject": "robotics",
                    "priority": 8
                },
                {
                    "subject": "philosophy",
                    "priority": 9
                }
            ]
        },
        {
            "name": "Johanna Jast",
            "department": "arts",
            "electives": [
                {
                    "subject": "environmental science",
                    "priority": 1
                },
                {
                    "subject": "creative writing",
                    "priority": 2
                },
                {
                    "subject": "data science",
                    "priority": 3
                },
                {
                    "subject": "quantum physics",
                    "priority": 4
                },
                {
                    "subject": "biochemistry",
                    "priority": 5
                },
                {
                    "subject": "mechanical engineering",
                    "priority": 6
                },
                {
                    "subject": "art history",
                    "priority": 7
                }
            ]
        },
        {
            "name": "Miss Jean Graham",
            "department": "literature",
            "electives": [
                {
                    "subject": "art history",
                    "priority": 1
                },
                {
                    "subject": "philosophy",
                    "priority": 2
                },
                {
                    "subject": "creative writing",
                    "priority": 3
                },
                {
                    "subject": "quantum physics",
                    "priority": 4
                },
                {
                    "subject": "modern literature",
                    "priority": 5
                },
                {
                    "subject": "robotics",
                    "priority": 6
                },
                {
                    "subject": "environmental science",
                    "priority": 7
                },
                {
                    "subject": "mechanical engineering",
                    "priority": 8
                }
            ]
        },
        {
            "name": "Mrs. Belinda Okuneva",
            "department": "engineering",
            "electives": [
                {
                    "subject": "robotics",
                    "priority": 1
                },
                {
                    "subject": "environmental science",
                    "priority": 2
                },
                {
                    "subject": "modern literature",
                    "priority": 3
                },
                {
                    "subject": "creative writing",
                    "priority": 4
                },
                {
                    "subject": "philosophy",
                    "priority": 5
                },
                {
                    "subject": "data science",
                    "priority": 6
                },
                {
                    "subject": "quantum physics",
                    "priority": 7
                }
            ]
        },
        {
            "name": "Kelvin Braun",
            "department": "arts",
            "electives": [
                {
                    "subject": "modern literature",
                    "priority": 1
                }
            ]
        },
        {
            "name": "Eloise Steuber",
            "department": "literature",
            "electives": [
                {
                    "subject": "creative writing",
                    "priority": 1
                },
                {
                    "subject": "quantum physics",
                    "priority": 2
                },
                {
                    "subject": "data science",
                    "priority": 3
                },
                {
                    "subject": "environmental science",
                    "priority": 4
                },
                {
                    "subject": "modern literature",
                    "priority": 5
                },
                {
                    "subject": "philosophy",
                    "priority": 6
                },
                {
                    "subject": "robotics",
                    "priority": 7
                },
                {
                    "subject": "mechanical engineering",
                    "priority": 8
                },
                {
                    "subject": "biochemistry",
                    "priority": 9
                },
                {
                    "subject": "art history",
                    "priority": 10
                }
            ]
        },
        {
            "name": "Mr. Moses Rau",
            "department": "science",
            "electives": [
                {
                    "subject": "mechanical engineering",
                    "priority": 1
                },
                {
                    "subject": "quantum physics",
                    "priority": 2
                },
                {
                    "subject": "modern literature",
                    "priority": 3
                },
                {
                    "subject": "robotics",
                    "priority": 4
                },
                {
                    "subject": "biochemistry",
                    "priority": 5
                },
                {
                    "subject": "art history",
                    "priority": 6
                },
                {
                    "subject": "environmental science",
                    "priority": 7
                }
            ]
        },
        {
            "name": "Mr. Pablo Sauer",
            "department": "literature",
            "electives": [
                {
                    "subject": "philosophy",
                    "priority": 1
                },
                {
                    "subject": "art history",
                    "priority": 2
                },
                {
                    "subject": "environmental science",
                    "priority": 3
                },
                {
                    "subject": "robotics",
                    "priority": 4
                },
                {
                    "subject": "quantum physics",
                    "priority": 5
                },
                {
                    "subject": "mechanical engineering",
                    "priority": 6
                }
            ]
        },
        {
            "name": "Merle Haley",
            "department": "literature",
            "electives": [
                {
                    "subject": "data science",
                    "priority": 1
                },
                {
                    "subject": "modern literature",
                    "priority": 2
                },
                {
                    "subject": "environmental science",
                    "priority": 3
                },
                {
                    "subject": "philosophy",
                    "priority": 4
                },
                {
                    "subject": "biochemistry",
                    "priority": 5
                },
                {
                    "subject": "creative writing",
                    "priority": 6
                },
                {
                    "subject": "mechanical engineering",
                    "priority": 7
                },
                {
                    "subject": "art history",
                    "priority": 8
                },
                {
                    "subject": "quantum physics",
                    "priority": 9
                },
                {
                    "subject": "robotics",
                    "priority": 10
                }
            ]
        },
        {
            "name": "Carlton Langworth",
            "department": "science",
            "electives": [
                {
                    "subject": "biochemistry",
                    "priority": 1
                },
                {
                    "subject": "mechanical engineering",
                    "priority": 2
                },
                {
                    "subject": "creative writing",
                    "priority": 3
                },
                {
                    "subject": "quantum physics",
                    "priority": 4
                },
                {
                    "subject": "robotics",
                    "priority": 5
                }
            ]
        },
        {
            "name": "Tara Dare-Spinka",
            "department": "engineering",
            "electives": [
                {
                    "subject": "modern literature",
                    "priority": 1
                }
            ]
        },
        {
            "name": "Miss Andrea Schaden",
            "department": "arts",
            "electives": [
                {
                    "subject": "mechanical engineering",
                    "priority": 1
                },
                {
                    "subject": "biochemistry",
                    "priority": 2
                },
                {
                    "subject": "creative writing",
                    "priority": 3
                },
                {
                    "subject": "art history",
                    "priority": 4
                },
                {
                    "subject": "robotics",
                    "priority": 5
                },
                {
                    "subject": "modern literature",
                    "priority": 6
                },
                {
                    "subject": "data science",
                    "priority": 7
                }
            ]
        },
        {
            "name": "Isabel Kuhn",
            "department": "science",
            "electives": [
                {
                    "subject": "mechanical engineering",
                    "priority": 1
                },
                {
                    "subject": "quantum physics",
                    "priority": 2
                },
                {
                    "subject": "art history",
                    "priority": 3
                },
                {
                    "subject": "modern literature",
                    "priority": 4
                },
                {
                    "subject": "philosophy",
                    "priority": 5
                },
                {
                    "subject": "biochemistry",
                    "priority": 6
                },
                {
                    "subject": "data science",
                    "priority": 7
                },
                {
                    "subject": "creative writing",
                    "priority": 8
                }
            ]
        },
        {
            "name": "Jan Okuneva",
            "department": "literature",
            "electives": [
                {
                    "subject": "quantum physics",
                    "priority": 1
                },
                {
                    "subject": "creative writing",
                    "priority": 2
                },
                {
                    "subject": "philosophy",
                    "priority": 3
                },
                {
                    "subject": "data science",
                    "priority": 4
                },
                {
                    "subject": "robotics",
                    "priority": 5
                },
                {
                    "subject": "art history",
                    "priority": 6
                },
                {
                    "subject": "mechanical engineering",
                    "priority": 7
                }
            ]
        },
        {
            "name": "Terrance Prosacco II",
            "department": "literature",
            "electives": [
                {
                    "subject": "environmental science",
                    "priority": 1
                },
                {
                    "subject": "biochemistry",
                    "priority": 2
                },
                {
                    "subject": "art history",
                    "priority": 3
                },
                {
                    "subject": "mechanical engineering",
                    "priority": 4
                },
                {
                    "subject": "data science",
                    "priority": 5
                },
                {
                    "subject": "modern literature",
                    "priority": 6
                }
            ]
        },
        {
            "name": "Reginald Roberts",
            "department": "arts",
            "electives": [
                {
                    "subject": "quantum physics",
                    "priority": 1
                },
                {
                    "subject": "philosophy",
                    "priority": 2
                },
                {
                    "subject": "data science",
                    "priority": 3
                },
                {
                    "subject": "mechanical engineering",
                    "priority": 4
                },
                {
                    "subject": "biochemistry",
                    "priority": 5
                },
                {
                    "subject": "creative writing",
                    "priority": 6
                },
                {
                    "subject": "environmental science",
                    "priority": 7
                },
                {
                    "subject": "robotics",
                    "priority": 8
                },
                {
                    "subject": "modern literature",
                    "priority": 9
                }
            ]
        },
        {
            "name": "Erin Kohler",
            "department": "science",
            "electives": [
                {
                    "subject": "quantum physics",
                    "priority": 1
                },
                {
                    "subject": "mechanical engineering",
                    "priority": 2
                },
                {
                    "subject": "robotics",
                    "priority": 3
                },
                {
                    "subject": "environmental science",
                    "priority": 4
                },
                {
                    "subject": "data science",
                    "priority": 5
                },
                {
                    "subject": "creative writing",
                    "priority": 6
                },
                {
                    "subject": "biochemistry",
                    "priority": 7
                },
                {
                    "subject": "modern literature",
                    "priority": 8
                },
                {
                    "subject": "philosophy",
                    "priority": 9
                },
                {
                    "subject": "art history",
                    "priority": 10
                }
            ]
        },
        {
            "name": "Ginger Conroy",
            "department": "arts",
            "electives": [
                {
                    "subject": "mechanical engineering",
                    "priority": 1
                },
                {
                    "subject": "modern literature",
                    "priority": 2
                },
                {
                    "subject": "robotics",
                    "priority": 3
                },
                {
                    "subject": "quantum physics",
                    "priority": 4
                }
            ]
        },
        {
            "name": "Kirk Olson",
            "department": "science",
            "electives": [
                {
                    "subject": "creative writing",
                    "priority": 1
                },
                {
                    "subject": "robotics",
                    "priority": 2
                },
                {
                    "subject": "quantum physics",
                    "priority": 3
                },
                {
                    "subject": "data science",
                    "priority": 4
                }
            ]
        },
        {
            "name": "Enrique Shields",
            "department": "literature",
            "electives": [
                {
                    "subject": "modern literature",
                    "priority": 1
                },
                {
                    "subject": "art history",
                    "priority": 2
                }
            ]
        },
        {
            "name": "Alyssa Lueilwitz",
            "department": "engineering",
            "electives": [
                {
                    "subject": "robotics",
                    "priority": 1
                },
                {
                    "subject": "mechanical engineering",
                    "priority": 2
                },
                {
                    "subject": "environmental science",
                    "priority": 3
                },
                {
                    "subject": "philosophy",
                    "priority": 4
                },
                {
                    "subject": "biochemistry",
                    "priority": 5
                },
                {
                    "subject": "creative writing",
                    "priority": 6
                }
            ]
        },
        {
            "name": "Marc Anderson",
            "department": "literature",
            "electives": [
                {
                    "subject": "philosophy",
                    "priority": 1
                },
                {
                    "subject": "creative writing",
                    "priority": 2
                },
                {
                    "subject": "quantum physics",
                    "priority": 3
                },
                {
                    "subject": "environmental science",
                    "priority": 4
                },
                {
                    "subject": "robotics",
                    "priority": 5
                },
                {
                    "subject": "modern literature",
                    "priority": 6
                },
                {
                    "subject": "art history",
                    "priority": 7
                },
                {
                    "subject": "mechanical engineering",
                    "priority": 8
                },
                {
                    "subject": "data science",
                    "priority": 9
                },
                {
                    "subject": "biochemistry",
                    "priority": 10
                }
            ]
        }
    ]
}