{
    "configuration": {
        "restrict_departement": true
    },
    "electives": [
        {
            "subject": "math",
            "max_students": 2,
            "min_students": 1,
            "mode": "online"
        },
        {
            "subject": "science",
            "max_students": 3,
            "min_students": 1,
            "mode": "in-person"
        },
        {
            "subject": "art",
            "max_students": 2,
            "min_students": 1,
            "mode": "hybrid"
        },
        {
            "subject": "history",
            "max_students": 1,
            "min_students": 1,
            "mode": "online"
        }
    ],
    "departments": {
        "humanities": {
            "electives_min": 1,
            "electives_max": 2
        },
        "sciences": {
            "electives_min": 1,
            "electives_max": 2
        }
    },
    "students": [
        {
            "name": "Alice Johnson",
            "department": "humanities",
            "electives": [
                {
                    "subject": "history",
                    "priority": 1
                },
                {
                    "subject": "art",
                    "priority": 2
                }
            ]
        },
        {
            "name": "Bob Lee",
            "department": "sciences",
            "electives": [
                {
                    "subject": "science",
                    "priority": 1
                },
                {
                    "subject": "math",
                    "priority": 2
                }
            ]
        },
        {
            "name": "Charlie Kim",
            "department": "sciences",
            "electives": [
                {
                    "subject": "math",
                    "priority": 1
                },
                {
                    "subject": "science",
                    "priority": 2
                },
                {
                    "subject": "art",
                    "priority": 3
                }
            ]
        },
        {
            "name": "David Park",
            "department": "humanities",
            "electives": [
                {
                    "subject": "art",
                    "priority": 1
                },
                {
                    "subject": "history",
                    "priority": 2
                }
            ]
        },
        {
            "name": "Eva Brown",
            "department": "sciences",
            "electives": [
                {
                    "subject": "science",
                    "priority": 1
                },
                {
                    "subject": "math",
                    "priority": 2
                }
            ]
        },
        {
            "name": "Frank Green",
            "department": "humanities",
            "electives": [
                {
                    "subject": "art",
                    "priority": 1
                },
                {
                    "subject": "history",
                    "priority": 2
                },
                {
                    "subject": "math",
                    "priority": 3
                }
            ]
        },
        {
            "name": "Grace Lee",
            "department": "sciences",
            "electives": [
                {
                    "subject": "science",
                    "priority": 1
                },
                {
                    "subject": "math",
                    "priority": 2
                },
                {
                    "subject": "art",
                    "priority": 3
                }
            ]
        }
    ]
}