{
    "configuration": {
        "restrict_department": true
    },
    "electives": [
        {
            "subject": "environmental science",
            "max_students": 50,
            "min_students": 2,
            "mode": "in-person"
        },
        {
            "subject": "modern literature",
            "max_students": 50,
            "min_students": 2,
            "mode": "online"
        },
        {
            "subject": "computer science",
            "max_students": 50,
            "min_students": 2,
            "mode": "hybrid"
        }
    ],
    "departments": {
        "science": {
            "electives_min": 1,
            "electives_max": 10
        },
        "literature": {
            "electives_min": 1,
            "electives_max": 10
        }
    },
    "students": [
        {
            "name": "Chinwe Okafor",
            "department": "science",
            "electives": [
                {
                    "subject": "modern literature",
                    "priority": 1
                },
                {
                    "subject": "environmental science",
                    "priority": 2
                }
            ]
        },
        {
            "name": "Jean Dupont",
            "department": "science",
            "electives": [
                {
                    "subject": "computer science",
                    "priority": 1
                },
                {
                    "subject": "environmental science",
                    "priority": 2
                }
            ]
        },
        {
            "name": "Liu Wei",
            "department": "literature",
            "electives": [
                {
                    "subject": "modern literature",
                    "priority": 1
                },
                {
                    "subject": "computer science",
                    "priority": 2
                }
            ]
        },
        {
            "name": "Aisha Abubakar",
            "department": "literature",
            "electives": [
                {
                    "subject": "environmental science",
                    "priority": 1
                },
                {
                    "subject": "modern literature",
                    "priority": 2
                }
            ]
        },
        {
            "name": "Marie Lefevre",
            "department": "science",
            "electives": [
                {
                    "subject": "modern literature",
                    "priority": 1
                },
                {
                    "subject": "computer science",
                    "priority": 2
                }
            ]
        },
        {
            "name": "Akio Tanaka",
            "department": "literature",
            "electives": [
                {
                    "subject": "environmental science",
                    "priority": 1
                },
                {
                    "subject": "modern literature",
                    "priority": 2
                }
            ]
        },
        {
            "name": "Kemi Balogun",
            "department": "science",
            "electives": [
                {
                    "subject": "computer science",
                    "priority": 1
                },
                {
                    "subject": "environmental science",
                    "priority": 2
                }
            ]
        },
        {
            "name": "Pierre Dubois",
            "department": "literature",
            "electives": [
                {
                    "subject": "modern literature",
                    "priority": 1
                },
                {
                    "subject": "computer science",
                    "priority": 2
                }
            ]
        },
        {
            "name": "Rina Saito",
            "department": "science",
            "electives": [
                {
                    "subject": "modern literature",
                    "priority": 1
                },
                {
                    "subject": "computer science",
                    "priority": 2
                }
            ]
        },
        {
            "name": "Fatima Mohammed",
            "department": "literature",
            "electives": [
                {
                    "subject": "environmental science",
                    "priority": 1
                },
                {
                    "subject": "computer science",
                    "priority": 2
                }
            ]
        },
        {
            "name": "Chen Liu",
            "department": "science",
            "electives": [
                {
                    "subject": "modern literature",
                    "priority": 1
                },
                {
                    "subject": "computer science",
                    "priority": 2
                }
            ]
        },
        {
            "name": "Nicolas Martin",
            "department": "literature",
            "electives": [
                {
                    "subject": "environmental science",
                    "priority": 1
                },
                {
                    "subject": "computer science",
                    "priority": 2
                }
            ]
        },
        {
            "name": "Emily Zhang",
            "department": "science",
            "electives": [
                {
                    "subject": "modern literature",
                    "priority": 1
                },
                {
                    "subject": "environmental science",
                    "priority": 2
                }
            ]
        },
        {
            "name": "Mohammed Ali",
            "department": "literature",
            "electives": [
                {
                    "subject": "modern literature",
                    "priority": 1
                },
                {
                    "subject": "computer science",
                    "priority": 2
                }
            ]
        },
        {
            "name": "Sophia Lopez",
            "department": "science",
            "electives": [
                {
                    "subject": "computer science",
                    "priority": 1
                },
                {
                    "subject": "environmental science",
                    "priority": 2
                }
            ]
        },
        {
            "name": "Carlos Martinez",
            "department": "literature",
            "electives": [
                {
                    "subject": "modern literature",
                    "priority": 1
                },
                {
                    "subject": "computer science",
                    "priority": 2
                }
            ]
        },
        {
            "name": "Amina Ibrahim",
            "department": "science",
            "electives": [
                {
                    "subject": "environmental science",
                    "priority": 1
                },
                {
                    "subject": "computer science",
                    "priority": 2
                }
            ]
        },
        {
            "name": "Tomoko Yamamoto",
            "department": "literature",
            "electives": [
                {
                    "subject": "computer science",
                    "priority": 1
                },
                {
                    "subject": "modern literature",
                    "priority": 2
                }
            ]
        },
        {
            "name": "James Smith",
            "department": "science",
            "electives": [
                {
                    "subject": "computer science",
                    "priority": 1
                },
                {
                    "subject": "modern literature",
                    "priority": 2
                }
            ]
        },
        {
            "name": "Linda Johnson",
            "department": "literature",
            "electives": [
                {
                    "subject": "computer science",
                    "priority": 1
                },
                {
                    "subject": "modern literature",
                    "priority": 2
                }
            ]
        }
    ]
}

