{
    "configuration": {
        "restrict_departement": false
    },
    "electives": [
        {
            "subject": "computer-science",
            "max_students": 30,
            "min_students": 1,
            "mode": "online"
        },
        {
            "subject": "biology",
            "max_students": 25,
            "min_students": 1,
            "mode": "in-person"
        }
    ],
    "departments": {
        "science": {
            "electives_min": 1,
            "electives_max": 3
        }
    },
    "students": [
        {
            "name": "John Doe",
            "department": "science",
            "electives": [
                {
                    "subject": "computer-science",
                    "priority": 2
                }
            ]
        },
        {
            "name": "Jane Smith",
            "department": "science",
            "electives": [
                {
                    "subject": "biology",
                    "priority": 1
                }
            ]
        }
    ]
}

