{
    "configuration": {
        "restrict_departement": true
    },
    "electives": [
        {
            "subject": "philosophy",
            "max_students": 2,
            "min_students": 1,
            "mode": "online"
        }
    ],
    "departments": {
        "humanities": {
            "electives_min": 1,
            "electives_max": 2
        }
    },
    "students": [
        {
            "name": "Alice Johnson",
            "department": "humanities",
            "electives": [
                {
                    "subject": "philosophy",
                    "priority": 1
                }
            ]
        },
        {
            "name": "Bob Lee",
            "department": "humanities",
            "electives": [
                {
                    "subject": "philosophy",
                    "priority": 1
                }
            ]
        },
        {
            "name": "Charlie Kim",
            "department": "humanities",
            "electives": [
                {
                    "subject": "philosophy",
                    "priority": 2
                }
            ]
        }
    ]
}
