{
    "configuration": {
        "restrict_departement": true
    },
    "electives": [
        {
            "subject": "art",
            "max_students": 20,
            "min_students": 5,
            "mode": "online"
        }
    ],
    "departments": {
        "arts": {
            "electives_min": 1,
            "electives_max": 2
        }
    },
    "students": [
        {
            "name": "David Park",
            "department": "arts",
            "electives": [
                {
                    "subject": "art",
                    "priority": 1
                }
            ]
        }
    ]
}

